{
  "vtkClass": "vtkPolyData",
  "points": {
      "vtkClass": "vtkPoints",
      "name": "points",
      "numberOfComponents": 3,
      "dataType": "Float32Array",
      "ref": {
         "encode": "LittleEndian",
         "basepath": "data",
         "id": "Float32_624-41cfcd8fca34b3b78aec372159b91742"
      },
      "size": 624
    },
  "verts": {
      "vtkClass": "vtkCellArray",
      "name": "verts",
      "numberOfComponents": 1,
      "dataType": "Int32Array",
      "ref": {
         "encode": "LittleEndian",
         "basepath": "data",
         "id": "Int32_32-44dfa3b78a2d299125d94c828855ba18"
      },
      "size": 32
    },
  "lines": {
      "vtkClass": "vtkCellArray",
      "name": "lines",
      "numberOfComponents": 1,
      "dataType": "Int32Array",
      "ref": {
         "encode": "LittleEndian",
         "basepath": "data",
         "id": "Int32_216-cbc69ff68c931aceb4b7bd289b58166b"
      },
      "size": 216
    },
  "polys": {
      "vtkClass": "vtkCellArray",
      "name": "polys",
      "numberOfComponents": 1,
      "dataType": "Int32Array",
      "ref": {
         "encode": "LittleEndian",
         "basepath": "data",
         "id": "Int32_96-10c1a852a203994bafcfb5d1fab377d2"
      },
      "size": 96
    },
  "pointData": {
    "vtkClass": "vtkDataSetAttributes",
    "arrays": [
      { "data": {
      "vtkClass": "vtkDataArray",
      "name": "Normals",
      "numberOfComponents": 3,
      "dataType": "Float32Array",
      "ref": {
         "encode": "LittleEndian",
         "basepath": "data",
         "id": "Float32_624-4e25607f155cc26b3f4c880d4a76714b"
      },
      "size": 624
    }}
    ],
    "activeTCoords": -1,
    "activeScalars": -1,
    "activeNormals": 0,
    "activeGlobalIds": -1,
    "activeTensors": -1,
    "activePedigreeIds": -1,
    "activeVectors": -1
  },
  "cellData": {
    "vtkClass": "vtkDataSetAttributes",
    "arrays": [
      { "data": {
      "vtkClass": "vtkDataArray",
      "name": "SUBSHAPE_IDS",
      "numberOfComponents": 1,
      "dataType": "Int32Array",
      "ref": {
         "encode": "LittleEndian",
         "basepath": "data",
         "id": "Int32_112-5a8a364d410c2de3cf276cc2a26910fb"
      },
      "size": 112
    }},
      { "data": {
      "vtkClass": "vtkDataArray",
      "name": "MESH_TYPES",
      "numberOfComponents": 1,
      "dataType": "Int32Array",
      "ref": {
         "encode": "LittleEndian",
         "basepath": "data",
         "id": "Int32_112-68fe47d7e9d614bff9bf173135006dbf"
      },
      "size": 112
    }},
      { "data": {
      "vtkClass": "vtkDataArray",
      "name": "Normals",
      "numberOfComponents": 3,
      "dataType": "Float32Array",
      "ref": {
         "encode": "LittleEndian",
         "basepath": "data",
         "id": "Float32_336-a840ed6c45ff41ab8a92b61cb0c55112"
      },
      "size": 336
    }}
    ],
    "activeTCoords": -1,
    "activeScalars": -1,
    "activeNormals": 2,
    "activeGlobalIds": -1,
    "activeTensors": -1,
    "activePedigreeIds": -1,
    "activeVectors": -1
  }}
